Automated commit at Tue Jan 28 13:39:49 UTC 2025
Automated commit at Tue Jan 28 13:40:45 UTC 2025
Automated commit at Tue Jan 28 13:45:23 UTC 2025
Automated commit at Tue Jan 28 16:02:18 UTC 2025
Automated commit at Wed Jan 29 00:06:49 UTC 2025
Automated commit at Wed Jan 29 08:02:27 UTC 2025
Automated commit at Wed Jan 29 16:02:22 UTC 2025
Automated commit at Thu Jan 30 00:06:42 UTC 2025
Automated commit at Thu Jan 30 08:02:12 UTC 2025
Automated commit at Thu Jan 30 16:02:14 UTC 2025
Automated commit at Fri Jan 31 00:06:39 UTC 2025
Automated commit at Fri Jan 31 08:02:24 UTC 2025
Automated commit at Fri Jan 31 16:02:23 UTC 2025
Automated commit at Sat Feb  1 00:07:24 UTC 2025
Automated commit at Sat Feb  1 08:02:15 UTC 2025
Automated commit at Sat Feb  1 16:01:46 UTC 2025
Automated commit at Sun Feb  2 00:07:24 UTC 2025
Automated commit at Sun Feb  2 08:02:18 UTC 2025
Automated commit at Sun Feb  2 16:02:00 UTC 2025
Automated commit at Mon Feb  3 00:07:15 UTC 2025
Automated commit at Mon Feb  3 08:02:33 UTC 2025
Automated commit at Mon Feb  3 16:02:24 UTC 2025
Automated commit at Tue Feb  4 00:06:45 UTC 2025
Automated commit at Tue Feb  4 08:02:32 UTC 2025
Automated commit at Tue Feb  4 16:02:20 UTC 2025
Automated commit at Wed Feb  5 00:07:01 UTC 2025
Automated commit at Wed Feb  5 08:02:32 UTC 2025
Automated commit at Wed Feb  5 16:02:22 UTC 2025
Automated commit at Thu Feb  6 00:06:53 UTC 2025
Automated commit at Thu Feb  6 08:02:39 UTC 2025
Automated commit at Thu Feb  6 16:01:58 UTC 2025
Automated commit at Fri Feb  7 00:06:56 UTC 2025
Automated commit at Fri Feb  7 08:02:33 UTC 2025
Automated commit at Fri Feb  7 16:02:15 UTC 2025
Automated commit at Sat Feb  8 00:06:52 UTC 2025
Automated commit at Sat Feb  8 08:02:15 UTC 2025
Automated commit at Sat Feb  8 16:01:51 UTC 2025
Automated commit at Sun Feb  9 00:07:38 UTC 2025
Automated commit at Sun Feb  9 08:02:21 UTC 2025
Automated commit at Sun Feb  9 16:01:54 UTC 2025
Automated commit at Mon Feb 10 00:07:20 UTC 2025
Automated commit at Mon Feb 10 08:02:24 UTC 2025
Automated commit at Mon Feb 10 16:02:29 UTC 2025
Automated commit at Tue Feb 11 00:06:52 UTC 2025
Automated commit at Tue Feb 11 08:02:30 UTC 2025
Automated commit at Tue Feb 11 16:02:19 UTC 2025
Automated commit at Wed Feb 12 00:06:55 UTC 2025
Automated commit at Wed Feb 12 08:02:29 UTC 2025
Automated commit at Wed Feb 12 16:02:24 UTC 2025
Automated commit at Thu Feb 13 00:06:51 UTC 2025
Automated commit at Thu Feb 13 08:02:27 UTC 2025
Automated commit at Thu Feb 13 16:02:15 UTC 2025
Automated commit at Fri Feb 14 00:07:00 UTC 2025
Automated commit at Fri Feb 14 08:02:20 UTC 2025
Automated commit at Fri Feb 14 16:02:14 UTC 2025
Automated commit at Sat Feb 15 00:06:54 UTC 2025
Automated commit at Sat Feb 15 08:02:08 UTC 2025
Automated commit at Sat Feb 15 16:01:59 UTC 2025
Automated commit at Sun Feb 16 00:07:33 UTC 2025
Automated commit at Sun Feb 16 08:02:03 UTC 2025
Automated commit at Sun Feb 16 16:01:43 UTC 2025
Automated commit at Mon Feb 17 00:07:35 UTC 2025
Automated commit at Mon Feb 17 08:02:33 UTC 2025
Automated commit at Mon Feb 17 16:02:14 UTC 2025
Automated commit at Tue Feb 18 00:06:56 UTC 2025
Automated commit at Tue Feb 18 08:02:28 UTC 2025
Automated commit at Tue Feb 18 16:02:23 UTC 2025
Automated commit at Wed Feb 19 00:06:49 UTC 2025
Automated commit at Wed Feb 19 08:02:20 UTC 2025
Automated commit at Wed Feb 19 16:02:20 UTC 2025
Automated commit at Thu Feb 20 00:07:04 UTC 2025
Automated commit at Thu Feb 20 08:02:27 UTC 2025
Automated commit at Thu Feb 20 16:02:27 UTC 2025
Automated commit at Fri Feb 21 00:07:00 UTC 2025
Automated commit at Fri Feb 21 08:02:26 UTC 2025
Automated commit at Fri Feb 21 16:02:25 UTC 2025
Automated commit at Sat Feb 22 00:06:48 UTC 2025
Automated commit at Sat Feb 22 08:02:05 UTC 2025
Automated commit at Sat Feb 22 16:01:57 UTC 2025
Automated commit at Sun Feb 23 00:07:38 UTC 2025
Automated commit at Sun Feb 23 08:02:17 UTC 2025
Automated commit at Sun Feb 23 16:02:02 UTC 2025
Automated commit at Mon Feb 24 00:07:25 UTC 2025
Automated commit at Mon Feb 24 08:02:24 UTC 2025
Automated commit at Mon Feb 24 16:02:29 UTC 2025
Automated commit at Tue Feb 25 00:06:59 UTC 2025
Automated commit at Tue Feb 25 08:02:26 UTC 2025
Automated commit at Tue Feb 25 16:02:20 UTC 2025
Automated commit at Wed Feb 26 00:07:02 UTC 2025
Automated commit at Wed Feb 26 08:02:21 UTC 2025
Automated commit at Wed Feb 26 16:02:24 UTC 2025
Automated commit at Thu Feb 27 00:07:06 UTC 2025
Automated commit at Thu Feb 27 08:02:38 UTC 2025
Automated commit at Thu Feb 27 16:02:21 UTC 2025
Automated commit at Fri Feb 28 00:07:04 UTC 2025
Automated commit at Fri Feb 28 08:02:21 UTC 2025
Automated commit at Fri Feb 28 16:02:31 UTC 2025
Automated commit at Sat Mar  1 00:07:49 UTC 2025
Automated commit at Sat Mar  1 08:02:18 UTC 2025
Automated commit at Sat Mar  1 16:01:56 UTC 2025
Automated commit at Sun Mar  2 00:07:30 UTC 2025
Automated commit at Sun Mar  2 08:02:14 UTC 2025
Automated commit at Sun Mar  2 16:02:06 UTC 2025
Automated commit at Mon Mar  3 00:07:36 UTC 2025
Automated commit at Mon Mar  3 08:02:27 UTC 2025
Automated commit at Mon Mar  3 16:02:16 UTC 2025
Automated commit at Tue Mar  4 00:07:17 UTC 2025
Automated commit at Tue Mar  4 08:02:31 UTC 2025
Automated commit at Tue Mar  4 16:02:32 UTC 2025
Automated commit at Wed Mar  5 00:07:04 UTC 2025
Automated commit at Wed Mar  5 08:02:29 UTC 2025
Automated commit at Wed Mar  5 16:02:32 UTC 2025
Automated commit at Thu Mar  6 00:07:17 UTC 2025
Automated commit at Thu Mar  6 08:02:26 UTC 2025
Automated commit at Thu Mar  6 16:02:13 UTC 2025
Automated commit at Fri Mar  7 00:07:25 UTC 2025
Automated commit at Fri Mar  7 08:02:22 UTC 2025
Automated commit at Fri Mar  7 16:02:06 UTC 2025
Automated commit at Sat Mar  8 00:05:53 UTC 2025
Automated commit at Sat Mar  8 08:02:06 UTC 2025
Automated commit at Sat Mar  8 16:01:39 UTC 2025
Automated commit at Sun Mar  9 00:06:37 UTC 2025
Automated commit at Sun Mar  9 08:03:05 UTC 2025
Automated commit at Sun Mar  9 16:02:02 UTC 2025
Automated commit at Mon Mar 10 00:06:34 UTC 2025
Automated commit at Mon Mar 10 08:02:17 UTC 2025
Automated commit at Mon Mar 10 16:02:25 UTC 2025
Automated commit at Tue Mar 11 00:07:30 UTC 2025
Automated commit at Tue Mar 11 08:02:25 UTC 2025
Automated commit at Tue Mar 11 16:02:34 UTC 2025
Automated commit at Wed Mar 12 00:06:57 UTC 2025
Automated commit at Wed Mar 12 08:02:26 UTC 2025
Automated commit at Wed Mar 12 16:02:27 UTC 2025
Automated commit at Thu Mar 13 00:07:43 UTC 2025
Automated commit at Thu Mar 13 08:02:27 UTC 2025
Automated commit at Thu Mar 13 16:02:32 UTC 2025
Automated commit at Fri Mar 14 00:07:21 UTC 2025
Automated commit at Fri Mar 14 08:02:23 UTC 2025
Automated commit at Fri Mar 14 16:02:12 UTC 2025
Automated commit at Sat Mar 15 00:07:16 UTC 2025
Automated commit at Sat Mar 15 08:02:12 UTC 2025
Automated commit at Sat Mar 15 16:02:00 UTC 2025
Automated commit at Sun Mar 16 00:08:07 UTC 2025
Automated commit at Sun Mar 16 08:02:12 UTC 2025
Automated commit at Sun Mar 16 16:02:09 UTC 2025
Automated commit at Mon Mar 17 00:07:52 UTC 2025
Automated commit at Mon Mar 17 08:02:32 UTC 2025
Automated commit at Mon Mar 17 16:02:23 UTC 2025
Automated commit at Tue Mar 18 00:07:29 UTC 2025
Automated commit at Tue Mar 18 08:02:35 UTC 2025
Automated commit at Tue Mar 18 16:02:24 UTC 2025
Automated commit at Wed Mar 19 00:07:37 UTC 2025
Automated commit at Wed Mar 19 08:02:24 UTC 2025
Automated commit at Wed Mar 19 16:02:17 UTC 2025
Automated commit at Thu Mar 20 00:07:24 UTC 2025
Automated commit at Thu Mar 20 08:02:28 UTC 2025
Automated commit at Thu Mar 20 16:02:19 UTC 2025
Automated commit at Fri Mar 21 00:07:36 UTC 2025
Automated commit at Fri Mar 21 08:02:30 UTC 2025
Automated commit at Fri Mar 21 16:02:18 UTC 2025
Automated commit at Sat Mar 22 00:07:03 UTC 2025
Automated commit at Sat Mar 22 08:02:06 UTC 2025
Automated commit at Sat Mar 22 16:02:08 UTC 2025
Automated commit at Sun Mar 23 00:08:17 UTC 2025
Automated commit at Sun Mar 23 08:02:12 UTC 2025
Automated commit at Sun Mar 23 16:01:56 UTC 2025
Automated commit at Mon Mar 24 00:07:41 UTC 2025
Automated commit at Mon Mar 24 08:02:33 UTC 2025
Automated commit at Mon Mar 24 16:02:37 UTC 2025
Automated commit at Tue Mar 25 00:07:43 UTC 2025
Automated commit at Tue Mar 25 08:02:21 UTC 2025
Automated commit at Tue Mar 25 16:02:27 UTC 2025
Automated commit at Wed Mar 26 00:07:37 UTC 2025
Automated commit at Wed Mar 26 08:02:25 UTC 2025
Automated commit at Wed Mar 26 16:02:35 UTC 2025
Automated commit at Thu Mar 27 00:07:33 UTC 2025
Automated commit at Thu Mar 27 08:02:25 UTC 2025
Automated commit at Thu Mar 27 16:02:28 UTC 2025
Automated commit at Fri Mar 28 00:07:31 UTC 2025
Automated commit at Fri Mar 28 08:02:28 UTC 2025
Automated commit at Fri Mar 28 16:02:21 UTC 2025
Automated commit at Sat Mar 29 00:07:32 UTC 2025
Automated commit at Sat Mar 29 08:02:13 UTC 2025
Automated commit at Sat Mar 29 16:02:10 UTC 2025
Automated commit at Sun Mar 30 00:08:13 UTC 2025
Automated commit at Sun Mar 30 08:02:09 UTC 2025
Automated commit at Sun Mar 30 16:02:11 UTC 2025
Automated commit at Mon Mar 31 00:07:47 UTC 2025
Automated commit at Mon Mar 31 08:02:36 UTC 2025
Automated commit at Mon Mar 31 16:02:15 UTC 2025
Automated commit at Tue Apr  1 00:08:36 UTC 2025
Automated commit at Tue Apr  1 08:02:34 UTC 2025
Automated commit at Tue Apr  1 16:02:18 UTC 2025
Automated commit at Wed Apr  2 00:07:36 UTC 2025
Automated commit at Wed Apr  2 08:02:30 UTC 2025
Automated commit at Wed Apr  2 16:02:26 UTC 2025
Automated commit at Thu Apr  3 00:07:32 UTC 2025
Automated commit at Thu Apr  3 08:02:31 UTC 2025
Automated commit at Thu Apr  3 16:02:22 UTC 2025
Automated commit at Fri Apr  4 00:07:39 UTC 2025
Automated commit at Fri Apr  4 08:02:28 UTC 2025
Automated commit at Fri Apr  4 16:02:10 UTC 2025
Automated commit at Sat Apr  5 00:07:27 UTC 2025
Automated commit at Sat Apr  5 08:02:06 UTC 2025
Automated commit at Sat Apr  5 16:01:59 UTC 2025
Automated commit at Sun Apr  6 00:08:10 UTC 2025
Automated commit at Sun Apr  6 08:02:13 UTC 2025
Automated commit at Sun Apr  6 16:01:53 UTC 2025
Automated commit at Mon Apr  7 00:07:33 UTC 2025
Automated commit at Mon Apr  7 08:02:36 UTC 2025
Automated commit at Mon Apr  7 16:02:12 UTC 2025
Automated commit at Tue Apr  8 00:07:31 UTC 2025
Automated commit at Tue Apr  8 08:02:37 UTC 2025
Automated commit at Tue Apr  8 16:02:18 UTC 2025
Automated commit at Wed Apr  9 00:07:48 UTC 2025
Automated commit at Wed Apr  9 08:04:22 UTC 2025
Automated commit at Wed Apr  9 16:02:23 UTC 2025
Automated commit at Thu Apr 10 00:07:38 UTC 2025
Automated commit at Thu Apr 10 08:02:27 UTC 2025
Automated commit at Thu Apr 10 16:02:22 UTC 2025
Automated commit at Fri Apr 11 00:07:44 UTC 2025
Automated commit at Fri Apr 11 08:02:22 UTC 2025
Automated commit at Fri Apr 11 16:02:12 UTC 2025
Automated commit at Sat Apr 12 00:07:32 UTC 2025
Automated commit at Sat Apr 12 08:02:15 UTC 2025
Automated commit at Sat Apr 12 16:02:15 UTC 2025
Automated commit at Sun Apr 13 00:31:36 UTC 2025
Automated commit at Sun Apr 13 08:02:13 UTC 2025
Automated commit at Sun Apr 13 16:02:07 UTC 2025
Automated commit at Mon Apr 14 00:08:09 UTC 2025
Automated commit at Mon Apr 14 08:02:43 UTC 2025
Automated commit at Mon Apr 14 16:02:32 UTC 2025
Automated commit at Tue Apr 15 00:07:49 UTC 2025
Automated commit at Tue Apr 15 08:02:32 UTC 2025
Automated commit at Tue Apr 15 16:02:14 UTC 2025
Automated commit at Wed Apr 16 00:07:40 UTC 2025
Automated commit at Wed Apr 16 08:02:34 UTC 2025
Automated commit at Wed Apr 16 16:02:30 UTC 2025
Automated commit at Thu Apr 17 00:07:45 UTC 2025
Automated commit at Thu Apr 17 08:02:48 UTC 2025
Automated commit at Thu Apr 17 16:02:11 UTC 2025
Automated commit at Fri Apr 18 00:07:38 UTC 2025
Automated commit at Fri Apr 18 08:02:26 UTC 2025
Automated commit at Fri Apr 18 16:02:06 UTC 2025
Automated commit at Sat Apr 19 00:07:26 UTC 2025
Automated commit at Sat Apr 19 08:02:09 UTC 2025
Automated commit at Sat Apr 19 16:02:09 UTC 2025
Automated commit at Sun Apr 20 00:08:20 UTC 2025
Automated commit at Sun Apr 20 08:02:13 UTC 2025
Automated commit at Sun Apr 20 16:02:17 UTC 2025
Automated commit at Mon Apr 21 00:08:25 UTC 2025
Automated commit at Mon Apr 21 08:02:29 UTC 2025
Automated commit at Mon Apr 21 16:02:14 UTC 2025
Automated commit at Tue Apr 22 00:07:45 UTC 2025
Automated commit at Tue Apr 22 08:02:37 UTC 2025
Automated commit at Tue Apr 22 16:02:24 UTC 2025
Automated commit at Wed Apr 23 00:07:45 UTC 2025
Automated commit at Wed Apr 23 08:02:36 UTC 2025
Automated commit at Wed Apr 23 16:02:32 UTC 2025
Automated commit at Thu Apr 24 00:07:39 UTC 2025
Automated commit at Thu Apr 24 08:02:31 UTC 2025
Automated commit at Thu Apr 24 16:02:28 UTC 2025
Automated commit at Fri Apr 25 00:07:54 UTC 2025
Automated commit at Fri Apr 25 08:02:33 UTC 2025
Automated commit at Fri Apr 25 16:02:19 UTC 2025
Automated commit at Sat Apr 26 00:07:36 UTC 2025
Automated commit at Sat Apr 26 08:02:19 UTC 2025
Automated commit at Sat Apr 26 16:02:11 UTC 2025
Automated commit at Sun Apr 27 00:08:24 UTC 2025
Automated commit at Sun Apr 27 08:02:12 UTC 2025
Automated commit at Sun Apr 27 16:02:00 UTC 2025
Automated commit at Mon Apr 28 00:08:09 UTC 2025
Automated commit at Mon Apr 28 08:13:13 UTC 2025
Automated commit at Mon Apr 28 16:02:20 UTC 2025
Automated commit at Tue Apr 29 00:07:49 UTC 2025
Automated commit at Tue Apr 29 08:02:41 UTC 2025
Automated commit at Tue Apr 29 16:02:23 UTC 2025
Automated commit at Wed Apr 30 00:07:49 UTC 2025
Automated commit at Wed Apr 30 08:02:31 UTC 2025
Automated commit at Wed Apr 30 16:02:23 UTC 2025
Automated commit at Thu May  1 00:08:36 UTC 2025
Automated commit at Thu May  1 08:02:22 UTC 2025
Automated commit at Thu May  1 16:02:30 UTC 2025
Automated commit at Fri May  2 00:07:44 UTC 2025
Automated commit at Fri May  2 08:02:38 UTC 2025
Automated commit at Fri May  2 16:02:24 UTC 2025
Automated commit at Sat May  3 00:07:33 UTC 2025
Automated commit at Sat May  3 08:02:10 UTC 2025
Automated commit at Sat May  3 16:02:06 UTC 2025
Automated commit at Sun May  4 00:08:39 UTC 2025
Automated commit at Sun May  4 08:02:14 UTC 2025
Automated commit at Sun May  4 16:02:08 UTC 2025
Automated commit at Mon May  5 00:08:31 UTC 2025
Automated commit at Mon May  5 08:02:33 UTC 2025
Automated commit at Mon May  5 16:02:24 UTC 2025
Automated commit at Tue May  6 00:07:59 UTC 2025
Automated commit at Tue May  6 08:02:41 UTC 2025
Automated commit at Tue May  6 16:02:25 UTC 2025
Automated commit at Wed May  7 00:07:51 UTC 2025
Automated commit at Wed May  7 08:02:43 UTC 2025
Automated commit at Wed May  7 16:02:22 UTC 2025
Automated commit at Thu May  8 00:07:57 UTC 2025
Automated commit at Thu May  8 08:02:32 UTC 2025
Automated commit at Thu May  8 16:02:26 UTC 2025
Automated commit at Fri May  9 00:07:46 UTC 2025
Automated commit at Fri May  9 08:02:31 UTC 2025
Automated commit at Fri May  9 16:02:25 UTC 2025
Automated commit at Sat May 10 00:07:32 UTC 2025
Automated commit at Sat May 10 08:02:14 UTC 2025
Automated commit at Sat May 10 16:02:15 UTC 2025
Automated commit at Sun May 11 00:08:22 UTC 2025
Automated commit at Sun May 11 08:02:15 UTC 2025
Automated commit at Sun May 11 16:02:05 UTC 2025
Automated commit at Mon May 12 00:08:36 UTC 2025
Automated commit at Mon May 12 08:03:00 UTC 2025
Automated commit at Mon May 12 16:02:26 UTC 2025
Automated commit at Tue May 13 00:07:57 UTC 2025
Automated commit at Tue May 13 08:02:32 UTC 2025
Automated commit at Tue May 13 16:02:26 UTC 2025
Automated commit at Wed May 14 00:07:44 UTC 2025
Automated commit at Wed May 14 08:02:38 UTC 2025
Automated commit at Wed May 14 16:02:36 UTC 2025
Automated commit at Thu May 15 00:07:17 UTC 2025
Automated commit at Thu May 15 08:02:34 UTC 2025
Automated commit at Thu May 15 16:02:17 UTC 2025
Automated commit at Fri May 16 00:07:53 UTC 2025
Automated commit at Fri May 16 08:02:29 UTC 2025
Automated commit at Fri May 16 16:02:14 UTC 2025
Automated commit at Sat May 17 00:07:47 UTC 2025
Automated commit at Sat May 17 08:02:24 UTC 2025
Automated commit at Sat May 17 16:02:18 UTC 2025
Automated commit at Sun May 18 00:08:36 UTC 2025
Automated commit at Sun May 18 08:02:09 UTC 2025
Automated commit at Sun May 18 16:01:58 UTC 2025
Automated commit at Mon May 19 00:08:27 UTC 2025
Automated commit at Mon May 19 08:02:42 UTC 2025
Automated commit at Mon May 19 16:02:17 UTC 2025
Automated commit at Tue May 20 00:07:59 UTC 2025
Automated commit at Tue May 20 08:02:39 UTC 2025
Automated commit at Tue May 20 16:02:21 UTC 2025
Automated commit at Wed May 21 00:08:01 UTC 2025
Automated commit at Wed May 21 08:02:30 UTC 2025
Automated commit at Wed May 21 16:02:25 UTC 2025
Automated commit at Thu May 22 00:07:47 UTC 2025
Automated commit at Thu May 22 08:02:35 UTC 2025
Automated commit at Thu May 22 16:02:36 UTC 2025
Automated commit at Fri May 23 00:07:52 UTC 2025
Automated commit at Fri May 23 08:02:35 UTC 2025
Automated commit at Fri May 23 16:02:12 UTC 2025
Automated commit at Sat May 24 00:07:30 UTC 2025
Automated commit at Sat May 24 08:02:11 UTC 2025
Automated commit at Sat May 24 16:02:04 UTC 2025
Automated commit at Sun May 25 00:08:54 UTC 2025
Automated commit at Sun May 25 08:02:17 UTC 2025
Automated commit at Sun May 25 16:02:11 UTC 2025
Automated commit at Mon May 26 00:08:22 UTC 2025
Automated commit at Mon May 26 08:03:43 UTC 2025
Automated commit at Mon May 26 16:02:20 UTC 2025
Automated commit at Tue May 27 00:07:43 UTC 2025
Automated commit at Tue May 27 08:02:31 UTC 2025
Automated commit at Tue May 27 16:02:28 UTC 2025
Automated commit at Wed May 28 00:08:08 UTC 2025
Automated commit at Wed May 28 08:02:41 UTC 2025
Automated commit at Wed May 28 16:02:30 UTC 2025
Automated commit at Thu May 29 00:07:48 UTC 2025
Automated commit at Thu May 29 08:02:38 UTC 2025
Automated commit at Thu May 29 16:02:16 UTC 2025
Automated commit at Fri May 30 00:08:07 UTC 2025
Automated commit at Fri May 30 08:02:31 UTC 2025
Automated commit at Fri May 30 16:02:21 UTC 2025
Automated commit at Sat May 31 00:07:46 UTC 2025
Automated commit at Sat May 31 08:02:20 UTC 2025
Automated commit at Sat May 31 16:02:04 UTC 2025
Automated commit at Sun Jun  1 00:10:07 UTC 2025
Automated commit at Sun Jun  1 08:02:20 UTC 2025
Automated commit at Sun Jun  1 16:02:01 UTC 2025
Automated commit at Mon Jun  2 00:08:22 UTC 2025
Automated commit at Mon Jun  2 08:03:01 UTC 2025
Automated commit at Mon Jun  2 16:02:30 UTC 2025
Automated commit at Tue Jun  3 00:08:01 UTC 2025
Automated commit at Tue Jun  3 08:02:36 UTC 2025
Automated commit at Tue Jun  3 16:02:25 UTC 2025
Automated commit at Wed Jun  4 00:08:00 UTC 2025
Automated commit at Wed Jun  4 08:02:37 UTC 2025
Automated commit at Wed Jun  4 16:03:17 UTC 2025
Automated commit at Thu Jun  5 00:08:02 UTC 2025
Automated commit at Thu Jun  5 08:02:39 UTC 2025
Automated commit at Thu Jun  5 16:02:20 UTC 2025
Automated commit at Fri Jun  6 00:07:54 UTC 2025
Automated commit at Fri Jun  6 08:02:33 UTC 2025
Automated commit at Fri Jun  6 16:02:33 UTC 2025
Automated commit at Sat Jun  7 00:07:56 UTC 2025
Automated commit at Sat Jun  7 08:02:11 UTC 2025
Automated commit at Sat Jun  7 16:02:05 UTC 2025
Automated commit at Sun Jun  8 00:08:50 UTC 2025
Automated commit at Sun Jun  8 08:02:13 UTC 2025
Automated commit at Sun Jun  8 16:02:24 UTC 2025
Automated commit at Mon Jun  9 00:08:36 UTC 2025
Automated commit at Mon Jun  9 08:02:43 UTC 2025
Automated commit at Mon Jun  9 16:02:25 UTC 2025
Automated commit at Tue Jun 10 00:08:06 UTC 2025
Automated commit at Tue Jun 10 08:02:32 UTC 2025
Automated commit at Tue Jun 10 16:02:22 UTC 2025
Automated commit at Wed Jun 11 00:08:00 UTC 2025
Automated commit at Wed Jun 11 08:02:24 UTC 2025
Automated commit at Wed Jun 11 16:02:31 UTC 2025
Automated commit at Thu Jun 12 00:07:55 UTC 2025
Automated commit at Thu Jun 12 08:02:35 UTC 2025
Automated commit at Thu Jun 12 16:02:30 UTC 2025
Automated commit at Fri Jun 13 00:08:26 UTC 2025
Automated commit at Fri Jun 13 08:02:30 UTC 2025
Automated commit at Fri Jun 13 16:02:18 UTC 2025
Automated commit at Sat Jun 14 00:07:46 UTC 2025
Automated commit at Sat Jun 14 08:02:06 UTC 2025
Automated commit at Sat Jun 14 16:02:00 UTC 2025
Automated commit at Sun Jun 15 00:09:15 UTC 2025
Automated commit at Sun Jun 15 08:02:12 UTC 2025
Automated commit at Sun Jun 15 16:02:10 UTC 2025
Automated commit at Mon Jun 16 00:08:27 UTC 2025
Automated commit at Mon Jun 16 08:02:55 UTC 2025
Automated commit at Mon Jun 16 16:02:16 UTC 2025
Automated commit at Tue Jun 17 00:08:04 UTC 2025
Automated commit at Tue Jun 17 08:02:32 UTC 2025
Automated commit at Tue Jun 17 16:02:26 UTC 2025
Automated commit at Wed Jun 18 00:08:01 UTC 2025
Automated commit at Wed Jun 18 08:02:26 UTC 2025
Automated commit at Wed Jun 18 16:02:18 UTC 2025
Automated commit at Thu Jun 19 00:08:28 UTC 2025
Automated commit at Thu Jun 19 08:02:26 UTC 2025
Automated commit at Thu Jun 19 16:02:23 UTC 2025
Automated commit at Fri Jun 20 00:08:08 UTC 2025
Automated commit at Fri Jun 20 08:02:24 UTC 2025
Automated commit at Fri Jun 20 16:02:18 UTC 2025
Automated commit at Sat Jun 21 00:07:53 UTC 2025
Automated commit at Sat Jun 21 08:02:22 UTC 2025
Automated commit at Sat Jun 21 16:02:09 UTC 2025
Automated commit at Sun Jun 22 00:09:13 UTC 2025
Automated commit at Sun Jun 22 08:02:19 UTC 2025
Automated commit at Sun Jun 22 16:02:06 UTC 2025
Automated commit at Mon Jun 23 00:08:38 UTC 2025
Automated commit at Mon Jun 23 08:03:03 UTC 2025
Automated commit at Mon Jun 23 16:02:22 UTC 2025
Automated commit at Tue Jun 24 00:08:16 UTC 2025
Automated commit at Tue Jun 24 08:02:35 UTC 2025
Automated commit at Tue Jun 24 16:02:22 UTC 2025
Automated commit at Wed Jun 25 00:08:18 UTC 2025
Automated commit at Wed Jun 25 08:02:51 UTC 2025
Automated commit at Wed Jun 25 16:02:23 UTC 2025
Automated commit at Thu Jun 26 00:08:09 UTC 2025
Automated commit at Thu Jun 26 08:02:42 UTC 2025
Automated commit at Thu Jun 26 16:02:21 UTC 2025
Automated commit at Fri Jun 27 00:08:35 UTC 2025
Automated commit at Fri Jun 27 08:02:34 UTC 2025
Automated commit at Fri Jun 27 16:02:16 UTC 2025
Automated commit at Sat Jun 28 00:07:35 UTC 2025
Automated commit at Sat Jun 28 08:02:17 UTC 2025
Automated commit at Sat Jun 28 16:02:00 UTC 2025
Automated commit at Sun Jun 29 00:09:25 UTC 2025
Automated commit at Sun Jun 29 08:02:18 UTC 2025
Automated commit at Sun Jun 29 16:01:56 UTC 2025
Automated commit at Mon Jun 30 00:08:39 UTC 2025
Automated commit at Mon Jun 30 08:02:49 UTC 2025
Automated commit at Mon Jun 30 16:02:20 UTC 2025
Automated commit at Tue Jul  1 00:09:26 UTC 2025
Automated commit at Tue Jul  1 08:02:34 UTC 2025
Automated commit at Tue Jul  1 16:02:16 UTC 2025
Automated commit at Wed Jul  2 00:08:19 UTC 2025
Automated commit at Wed Jul  2 08:02:32 UTC 2025
Automated commit at Wed Jul  2 16:02:20 UTC 2025
Automated commit at Thu Jul  3 00:08:30 UTC 2025
Automated commit at Thu Jul  3 08:02:29 UTC 2025
Automated commit at Thu Jul  3 16:02:22 UTC 2025
Automated commit at Fri Jul  4 00:08:18 UTC 2025
Automated commit at Fri Jul  4 08:02:29 UTC 2025
Automated commit at Fri Jul  4 16:02:05 UTC 2025
Automated commit at Sat Jul  5 00:07:42 UTC 2025
Automated commit at Sat Jul  5 08:02:15 UTC 2025
Automated commit at Sat Jul  5 16:02:12 UTC 2025
Automated commit at Sun Jul  6 00:09:19 UTC 2025
Automated commit at Sun Jul  6 08:02:09 UTC 2025
Automated commit at Sun Jul  6 16:02:03 UTC 2025
Automated commit at Mon Jul  7 00:08:48 UTC 2025
Automated commit at Mon Jul  7 08:02:43 UTC 2025
Automated commit at Mon Jul  7 16:02:16 UTC 2025
Automated commit at Tue Jul  8 00:08:22 UTC 2025
Automated commit at Tue Jul  8 08:02:31 UTC 2025
Automated commit at Tue Jul  8 16:02:14 UTC 2025
Automated commit at Wed Jul  9 00:08:33 UTC 2025
Automated commit at Wed Jul  9 08:02:25 UTC 2025
Automated commit at Wed Jul  9 16:02:01 UTC 2025
Automated commit at Thu Jul 10 00:08:33 UTC 2025
Automated commit at Thu Jul 10 08:02:53 UTC 2025
Automated commit at Thu Jul 10 16:02:24 UTC 2025
Automated commit at Fri Jul 11 00:08:22 UTC 2025
Automated commit at Fri Jul 11 08:02:26 UTC 2025
Automated commit at Fri Jul 11 16:02:14 UTC 2025
Automated commit at Sat Jul 12 00:07:54 UTC 2025
Automated commit at Sat Jul 12 08:02:17 UTC 2025
Automated commit at Sat Jul 12 16:02:00 UTC 2025
Automated commit at Sun Jul 13 00:09:28 UTC 2025
Automated commit at Sun Jul 13 08:02:13 UTC 2025
Automated commit at Sun Jul 13 16:02:04 UTC 2025
Automated commit at Mon Jul 14 00:08:46 UTC 2025
Automated commit at Mon Jul 14 08:03:00 UTC 2025
Automated commit at Mon Jul 14 16:02:20 UTC 2025
Automated commit at Tue Jul 15 00:08:45 UTC 2025
Automated commit at Tue Jul 15 08:02:54 UTC 2025
Automated commit at Tue Jul 15 16:02:19 UTC 2025
Automated commit at Wed Jul 16 00:08:37 UTC 2025
Automated commit at Wed Jul 16 08:02:32 UTC 2025
Automated commit at Wed Jul 16 16:02:22 UTC 2025
Automated commit at Thu Jul 17 00:08:39 UTC 2025
Automated commit at Thu Jul 17 08:02:34 UTC 2025
Automated commit at Thu Jul 17 16:02:18 UTC 2025
Automated commit at Fri Jul 18 00:08:30 UTC 2025
Automated commit at Fri Jul 18 08:02:37 UTC 2025
Automated commit at Fri Jul 18 16:03:18 UTC 2025
Automated commit at Sat Jul 19 00:08:37 UTC 2025
Automated commit at Sat Jul 19 08:02:14 UTC 2025
Automated commit at Sat Jul 19 16:02:11 UTC 2025
Automated commit at Sun Jul 20 00:09:33 UTC 2025
Automated commit at Sun Jul 20 08:02:20 UTC 2025
Automated commit at Sun Jul 20 16:02:10 UTC 2025
Automated commit at Mon Jul 21 00:09:29 UTC 2025
Automated commit at Mon Jul 21 08:03:13 UTC 2025
Automated commit at Mon Jul 21 16:02:13 UTC 2025
Automated commit at Tue Jul 22 00:08:48 UTC 2025
Automated commit at Tue Jul 22 08:02:42 UTC 2025
Automated commit at Tue Jul 22 16:02:35 UTC 2025
Automated commit at Wed Jul 23 00:08:49 UTC 2025
Automated commit at Wed Jul 23 08:02:56 UTC 2025
Automated commit at Wed Jul 23 16:02:32 UTC 2025
Automated commit at Thu Jul 24 00:08:40 UTC 2025
Automated commit at Thu Jul 24 08:02:47 UTC 2025
Automated commit at Thu Jul 24 16:02:18 UTC 2025
Automated commit at Fri Jul 25 00:08:31 UTC 2025
Automated commit at Fri Jul 25 08:02:38 UTC 2025
Automated commit at Fri Jul 25 16:02:19 UTC 2025
Automated commit at Sat Jul 26 00:08:29 UTC 2025
Automated commit at Sat Jul 26 08:02:14 UTC 2025
Automated commit at Sat Jul 26 16:02:10 UTC 2025
Automated commit at Sun Jul 27 00:09:35 UTC 2025
Automated commit at Sun Jul 27 08:02:22 UTC 2025
Automated commit at Sun Jul 27 16:02:08 UTC 2025
Automated commit at Mon Jul 28 00:09:14 UTC 2025
Automated commit at Mon Jul 28 08:03:04 UTC 2025
Automated commit at Mon Jul 28 16:02:40 UTC 2025
Automated commit at Tue Jul 29 00:09:59 UTC 2025
Automated commit at Tue Jul 29 08:02:41 UTC 2025
Automated commit at Tue Jul 29 16:02:40 UTC 2025
Automated commit at Wed Jul 30 00:09:05 UTC 2025
Automated commit at Wed Jul 30 08:02:38 UTC 2025
Automated commit at Wed Jul 30 16:02:24 UTC 2025
Automated commit at Thu Jul 31 00:08:31 UTC 2025
Automated commit at Thu Jul 31 08:03:05 UTC 2025
Automated commit at Thu Jul 31 16:02:41 UTC 2025
Automated commit at Fri Aug  1 00:09:52 UTC 2025
Automated commit at Fri Aug  1 08:02:56 UTC 2025
Automated commit at Fri Aug  1 16:02:27 UTC 2025
Automated commit at Sat Aug  2 00:08:35 UTC 2025
Automated commit at Sat Aug  2 08:02:17 UTC 2025
Automated commit at Sat Aug  2 16:02:01 UTC 2025
Automated commit at Sun Aug  3 00:09:38 UTC 2025
Automated commit at Sun Aug  3 08:02:18 UTC 2025
Automated commit at Sun Aug  3 16:02:04 UTC 2025
Automated commit at Mon Aug  4 00:09:44 UTC 2025
Automated commit at Mon Aug  4 08:03:05 UTC 2025
Automated commit at Mon Aug  4 16:02:59 UTC 2025
Automated commit at Tue Aug  5 00:08:52 UTC 2025
Automated commit at Tue Aug  5 08:02:41 UTC 2025
Automated commit at Tue Aug  5 16:02:18 UTC 2025
Automated commit at Wed Aug  6 00:08:47 UTC 2025
Automated commit at Wed Aug  6 08:02:35 UTC 2025
Automated commit at Wed Aug  6 16:02:59 UTC 2025
Automated commit at Thu Aug  7 00:08:56 UTC 2025
Automated commit at Thu Aug  7 08:02:35 UTC 2025
Automated commit at Thu Aug  7 16:02:36 UTC 2025
Automated commit at Fri Aug  8 00:08:37 UTC 2025
Automated commit at Fri Aug  8 08:02:52 UTC 2025
Automated commit at Fri Aug  8 16:02:10 UTC 2025
Automated commit at Sat Aug  9 00:07:58 UTC 2025
Automated commit at Sat Aug  9 08:02:16 UTC 2025
Automated commit at Sat Aug  9 16:02:08 UTC 2025
Automated commit at Sun Aug 10 00:09:23 UTC 2025
Automated commit at Sun Aug 10 08:02:25 UTC 2025
Automated commit at Sun Aug 10 16:02:06 UTC 2025
Automated commit at Mon Aug 11 00:09:02 UTC 2025
Automated commit at Mon Aug 11 08:03:03 UTC 2025
Automated commit at Mon Aug 11 16:02:28 UTC 2025
Automated commit at Tue Aug 12 00:07:56 UTC 2025
Automated commit at Tue Aug 12 08:02:38 UTC 2025
Automated commit at Tue Aug 12 16:02:25 UTC 2025
Automated commit at Wed Aug 13 00:08:33 UTC 2025
Automated commit at Wed Aug 13 08:02:34 UTC 2025
Automated commit at Wed Aug 13 16:01:56 UTC 2025
Automated commit at Thu Aug 14 00:08:07 UTC 2025
Automated commit at Thu Aug 14 08:02:41 UTC 2025
Automated commit at Thu Aug 14 16:02:29 UTC 2025
Automated commit at Fri Aug 15 00:08:44 UTC 2025
Automated commit at Fri Aug 15 08:02:43 UTC 2025
Automated commit at Fri Aug 15 16:02:28 UTC 2025
Automated commit at Sat Aug 16 00:07:49 UTC 2025
Automated commit at Sat Aug 16 08:02:24 UTC 2025
Automated commit at Sat Aug 16 16:02:21 UTC 2025
Automated commit at Sun Aug 17 00:09:12 UTC 2025
Automated commit at Sun Aug 17 08:02:20 UTC 2025
Automated commit at Sun Aug 17 16:02:12 UTC 2025
Automated commit at Mon Aug 18 00:08:53 UTC 2025
Automated commit at Mon Aug 18 08:02:56 UTC 2025
Automated commit at Mon Aug 18 16:02:22 UTC 2025
Automated commit at Tue Aug 19 00:08:13 UTC 2025
Automated commit at Tue Aug 19 08:02:39 UTC 2025
Automated commit at Tue Aug 19 16:02:39 UTC 2025
Automated commit at Wed Aug 20 00:07:37 UTC 2025
Automated commit at Wed Aug 20 08:02:38 UTC 2025
Automated commit at Wed Aug 20 16:02:05 UTC 2025
Automated commit at Thu Aug 21 00:06:30 UTC 2025
Automated commit at Thu Aug 21 08:02:42 UTC 2025
Automated commit at Thu Aug 21 16:07:27 UTC 2025
Automated commit at Fri Aug 22 00:07:53 UTC 2025
Automated commit at Fri Aug 22 08:02:47 UTC 2025
Automated commit at Fri Aug 22 16:02:11 UTC 2025
Automated commit at Sat Aug 23 00:07:24 UTC 2025
Automated commit at Sat Aug 23 08:02:26 UTC 2025
Automated commit at Sat Aug 23 16:01:45 UTC 2025
Automated commit at Sun Aug 24 00:08:32 UTC 2025
Automated commit at Sun Aug 24 08:02:25 UTC 2025
Automated commit at Sun Aug 24 16:02:08 UTC 2025
Automated commit at Mon Aug 25 00:08:11 UTC 2025
Automated commit at Mon Aug 25 08:02:50 UTC 2025
Automated commit at Mon Aug 25 16:02:26 UTC 2025
Automated commit at Tue Aug 26 00:07:55 UTC 2025
Automated commit at Tue Aug 26 08:02:48 UTC 2025
Automated commit at Tue Aug 26 16:02:11 UTC 2025
Automated commit at Wed Aug 27 00:08:16 UTC 2025
Automated commit at Wed Aug 27 08:02:37 UTC 2025
Automated commit at Wed Aug 27 16:02:09 UTC 2025
Automated commit at Thu Aug 28 00:07:49 UTC 2025
Automated commit at Thu Aug 28 08:02:52 UTC 2025
Automated commit at Thu Aug 28 16:02:26 UTC 2025
Automated commit at Fri Aug 29 00:07:50 UTC 2025
Automated commit at Fri Aug 29 08:02:41 UTC 2025
Automated commit at Fri Aug 29 16:02:04 UTC 2025
Automated commit at Sat Aug 30 00:07:07 UTC 2025
Automated commit at Sat Aug 30 08:02:05 UTC 2025
Automated commit at Sat Aug 30 16:01:50 UTC 2025
Automated commit at Sun Aug 31 00:08:46 UTC 2025
Automated commit at Sun Aug 31 08:02:14 UTC 2025
Automated commit at Sun Aug 31 16:01:51 UTC 2025
Automated commit at Mon Sep  1 00:09:28 UTC 2025
Automated commit at Mon Sep  1 08:02:56 UTC 2025
Automated commit at Mon Sep  1 16:02:32 UTC 2025
Automated commit at Tue Sep  2 00:07:53 UTC 2025
Automated commit at Tue Sep  2 08:02:58 UTC 2025
Automated commit at Tue Sep  2 16:02:03 UTC 2025
Automated commit at Wed Sep  3 00:07:24 UTC 2025
Automated commit at Wed Sep  3 08:02:26 UTC 2025
Automated commit at Wed Sep  3 16:02:07 UTC 2025
Automated commit at Thu Sep  4 00:07:24 UTC 2025
Automated commit at Thu Sep  4 08:02:25 UTC 2025
Automated commit at Thu Sep  4 16:02:11 UTC 2025
Automated commit at Fri Sep  5 00:07:53 UTC 2025
Automated commit at Fri Sep  5 08:02:22 UTC 2025
Automated commit at Fri Sep  5 16:02:09 UTC 2025
Automated commit at Sat Sep  6 00:07:27 UTC 2025
Automated commit at Sat Sep  6 08:02:03 UTC 2025
Automated commit at Sat Sep  6 16:01:53 UTC 2025
Automated commit at Sun Sep  7 00:08:38 UTC 2025
Automated commit at Sun Sep  7 08:02:05 UTC 2025
Automated commit at Sun Sep  7 16:01:52 UTC 2025
Automated commit at Mon Sep  8 00:07:52 UTC 2025
Automated commit at Mon Sep  8 08:02:49 UTC 2025
Automated commit at Mon Sep  8 16:02:14 UTC 2025
Automated commit at Tue Sep  9 00:07:40 UTC 2025
Automated commit at Tue Sep  9 08:02:26 UTC 2025
Automated commit at Tue Sep  9 16:02:13 UTC 2025
Automated commit at Wed Sep 10 00:07:12 UTC 2025
Automated commit at Wed Sep 10 08:02:31 UTC 2025
Automated commit at Wed Sep 10 16:02:25 UTC 2025
Automated commit at Thu Sep 11 00:07:27 UTC 2025
Automated commit at Thu Sep 11 08:02:30 UTC 2025
Automated commit at Thu Sep 11 16:02:14 UTC 2025
Automated commit at Fri Sep 12 00:07:16 UTC 2025
Automated commit at Fri Sep 12 08:02:23 UTC 2025
Automated commit at Fri Sep 12 16:02:18 UTC 2025
Automated commit at Sat Sep 13 00:06:52 UTC 2025
Automated commit at Sat Sep 13 08:02:15 UTC 2025
Automated commit at Sat Sep 13 16:02:06 UTC 2025
Automated commit at Sun Sep 14 00:08:21 UTC 2025
Automated commit at Sun Sep 14 08:02:12 UTC 2025
Automated commit at Sun Sep 14 16:02:00 UTC 2025
Automated commit at Mon Sep 15 00:08:23 UTC 2025
Automated commit at Mon Sep 15 08:02:32 UTC 2025
Automated commit at Mon Sep 15 16:02:17 UTC 2025
Automated commit at Tue Sep 16 00:07:13 UTC 2025
Automated commit at Tue Sep 16 08:02:30 UTC 2025
Automated commit at Tue Sep 16 16:02:22 UTC 2025
Automated commit at Wed Sep 17 00:07:12 UTC 2025
Automated commit at Wed Sep 17 08:02:24 UTC 2025
Automated commit at Wed Sep 17 16:02:16 UTC 2025
Automated commit at Thu Sep 18 00:07:07 UTC 2025
Automated commit at Thu Sep 18 08:02:29 UTC 2025
Automated commit at Thu Sep 18 16:02:16 UTC 2025
Automated commit at Fri Sep 19 00:07:17 UTC 2025
Automated commit at Fri Sep 19 08:02:39 UTC 2025
Automated commit at Fri Sep 19 16:02:18 UTC 2025
Automated commit at Sat Sep 20 00:06:58 UTC 2025
Automated commit at Sat Sep 20 08:02:12 UTC 2025
Automated commit at Sat Sep 20 16:01:58 UTC 2025
Automated commit at Sun Sep 21 00:08:27 UTC 2025
Automated commit at Sun Sep 21 08:02:10 UTC 2025
Automated commit at Sun Sep 21 16:02:08 UTC 2025
Automated commit at Mon Sep 22 00:08:34 UTC 2025
Automated commit at Mon Sep 22 08:02:46 UTC 2025
Automated commit at Mon Sep 22 16:02:22 UTC 2025
Automated commit at Tue Sep 23 00:07:27 UTC 2025
Automated commit at Tue Sep 23 08:02:40 UTC 2025
Automated commit at Tue Sep 23 16:02:29 UTC 2025
Automated commit at Wed Sep 24 00:07:20 UTC 2025
Automated commit at Wed Sep 24 08:02:45 UTC 2025
Automated commit at Wed Sep 24 16:02:29 UTC 2025
Automated commit at Thu Sep 25 00:07:19 UTC 2025
Automated commit at Thu Sep 25 08:02:32 UTC 2025
Automated commit at Thu Sep 25 16:02:20 UTC 2025
Automated commit at Fri Sep 26 00:07:30 UTC 2025
Automated commit at Fri Sep 26 08:02:35 UTC 2025
Automated commit at Fri Sep 26 16:02:21 UTC 2025
Automated commit at Sat Sep 27 00:07:05 UTC 2025
Automated commit at Sat Sep 27 08:02:11 UTC 2025
Automated commit at Sat Sep 27 16:02:08 UTC 2025
Automated commit at Sun Sep 28 00:08:35 UTC 2025
Automated commit at Sun Sep 28 08:02:14 UTC 2025
Automated commit at Sun Sep 28 16:02:01 UTC 2025
Automated commit at Mon Sep 29 00:08:20 UTC 2025
Automated commit at Mon Sep 29 08:02:37 UTC 2025
Automated commit at Mon Sep 29 16:02:16 UTC 2025
Automated commit at Tue Sep 30 00:07:38 UTC 2025
Automated commit at Tue Sep 30 08:02:37 UTC 2025
Automated commit at Tue Sep 30 16:02:20 UTC 2025
Automated commit at Wed Oct  1 00:09:02 UTC 2025
Automated commit at Wed Oct  1 08:02:41 UTC 2025
Automated commit at Wed Oct  1 16:02:36 UTC 2025
Automated commit at Thu Oct  2 00:06:53 UTC 2025
Automated commit at Thu Oct  2 08:02:24 UTC 2025
Automated commit at Thu Oct  2 16:02:15 UTC 2025
Automated commit at Fri Oct  3 00:07:07 UTC 2025
Automated commit at Fri Oct  3 08:02:21 UTC 2025
Automated commit at Fri Oct  3 16:02:13 UTC 2025
Automated commit at Sat Oct  4 00:06:58 UTC 2025
Automated commit at Sat Oct  4 08:02:14 UTC 2025
Automated commit at Sat Oct  4 16:02:04 UTC 2025
Automated commit at Sun Oct  5 00:08:30 UTC 2025
Automated commit at Sun Oct  5 08:02:11 UTC 2025
Automated commit at Sun Oct  5 16:02:04 UTC 2025
Automated commit at Mon Oct  6 00:07:58 UTC 2025
Automated commit at Mon Oct  6 08:02:25 UTC 2025
Automated commit at Mon Oct  6 16:02:22 UTC 2025
Automated commit at Tue Oct  7 00:07:21 UTC 2025
Automated commit at Tue Oct  7 08:02:32 UTC 2025
Automated commit at Tue Oct  7 16:02:15 UTC 2025
Automated commit at Wed Oct  8 00:07:18 UTC 2025
Automated commit at Wed Oct  8 08:02:35 UTC 2025
Automated commit at Wed Oct  8 16:02:25 UTC 2025
Automated commit at Thu Oct  9 00:07:26 UTC 2025
Automated commit at Thu Oct  9 08:02:28 UTC 2025
Automated commit at Thu Oct  9 16:03:18 UTC 2025
Automated commit at Fri Oct 10 00:07:41 UTC 2025
Automated commit at Fri Oct 10 08:02:46 UTC 2025
Automated commit at Fri Oct 10 16:02:36 UTC 2025
Automated commit at Sat Oct 11 00:07:01 UTC 2025
Automated commit at Sat Oct 11 08:02:13 UTC 2025
Automated commit at Sat Oct 11 16:01:52 UTC 2025
Automated commit at Sun Oct 12 00:08:03 UTC 2025
Automated commit at Sun Oct 12 08:02:11 UTC 2025
Automated commit at Sun Oct 12 16:02:06 UTC 2025
Automated commit at Mon Oct 13 00:08:21 UTC 2025
Automated commit at Mon Oct 13 08:02:36 UTC 2025
Automated commit at Mon Oct 13 16:02:21 UTC 2025
Automated commit at Tue Oct 14 00:07:08 UTC 2025
Automated commit at Tue Oct 14 08:02:32 UTC 2025
Automated commit at Tue Oct 14 16:02:17 UTC 2025
Automated commit at Wed Oct 15 00:08:06 UTC 2025
Automated commit at Wed Oct 15 08:02:29 UTC 2025
Automated commit at Wed Oct 15 16:02:19 UTC 2025
Automated commit at Thu Oct 16 00:07:30 UTC 2025
Automated commit at Thu Oct 16 08:02:33 UTC 2025
Automated commit at Thu Oct 16 16:02:22 UTC 2025
Automated commit at Fri Oct 17 00:07:36 UTC 2025
Automated commit at Fri Oct 17 08:02:34 UTC 2025
Automated commit at Fri Oct 17 16:02:15 UTC 2025
Automated commit at Sat Oct 18 00:06:59 UTC 2025
Automated commit at Sat Oct 18 08:02:18 UTC 2025
Automated commit at Sat Oct 18 16:02:10 UTC 2025
Automated commit at Sun Oct 19 00:08:43 UTC 2025
Automated commit at Sun Oct 19 08:02:11 UTC 2025
Automated commit at Sun Oct 19 16:02:09 UTC 2025
Automated commit at Mon Oct 20 00:08:42 UTC 2025
Automated commit at Mon Oct 20 08:02:38 UTC 2025
Automated commit at Mon Oct 20 16:02:25 UTC 2025
Automated commit at Tue Oct 21 00:07:47 UTC 2025
Automated commit at Tue Oct 21 08:02:38 UTC 2025
Automated commit at Tue Oct 21 16:02:29 UTC 2025
Automated commit at Wed Oct 22 00:08:26 UTC 2025
Automated commit at Wed Oct 22 08:02:44 UTC 2025
Automated commit at Wed Oct 22 16:02:34 UTC 2025
Automated commit at Thu Oct 23 00:08:09 UTC 2025
Automated commit at Thu Oct 23 08:02:37 UTC 2025
Automated commit at Thu Oct 23 16:02:28 UTC 2025
Automated commit at Fri Oct 24 00:06:52 UTC 2025
Automated commit at Fri Oct 24 08:02:28 UTC 2025
Automated commit at Fri Oct 24 16:02:22 UTC 2025
Automated commit at Sat Oct 25 00:07:22 UTC 2025
Automated commit at Sat Oct 25 08:02:21 UTC 2025
Automated commit at Sat Oct 25 16:02:14 UTC 2025
Automated commit at Sun Oct 26 00:08:27 UTC 2025
Automated commit at Sun Oct 26 08:02:19 UTC 2025
Automated commit at Sun Oct 26 16:02:09 UTC 2025
Automated commit at Mon Oct 27 00:08:42 UTC 2025
Automated commit at Mon Oct 27 08:02:36 UTC 2025
Automated commit at Mon Oct 27 16:02:25 UTC 2025
Automated commit at Tue Oct 28 00:07:49 UTC 2025
Automated commit at Tue Oct 28 08:02:32 UTC 2025
Automated commit at Tue Oct 28 16:02:32 UTC 2025
Automated commit at Wed Oct 29 00:08:27 UTC 2025
Automated commit at Wed Oct 29 08:02:28 UTC 2025
Automated commit at Wed Oct 29 16:02:28 UTC 2025
Automated commit at Thu Oct 30 00:08:33 UTC 2025
Automated commit at Thu Oct 30 08:02:26 UTC 2025
Automated commit at Thu Oct 30 16:02:26 UTC 2025
Automated commit at Fri Oct 31 00:08:08 UTC 2025
Automated commit at Fri Oct 31 08:02:23 UTC 2025
Automated commit at Fri Oct 31 16:02:24 UTC 2025
Automated commit at Sat Nov  1 00:08:58 UTC 2025
Automated commit at Sat Nov  1 08:02:05 UTC 2025
Automated commit at Sat Nov  1 16:01:57 UTC 2025
Automated commit at Sun Nov  2 00:08:33 UTC 2025
Automated commit at Sun Nov  2 08:02:16 UTC 2025
Automated commit at Sun Nov  2 16:02:01 UTC 2025
Automated commit at Mon Nov  3 00:08:32 UTC 2025
Automated commit at Mon Nov  3 08:03:00 UTC 2025
Automated commit at Mon Nov  3 16:02:22 UTC 2025
Automated commit at Tue Nov  4 00:08:06 UTC 2025
Automated commit at Tue Nov  4 08:02:34 UTC 2025
Automated commit at Tue Nov  4 16:02:28 UTC 2025
Automated commit at Wed Nov  5 00:08:30 UTC 2025
Automated commit at Wed Nov  5 08:02:29 UTC 2025
Automated commit at Wed Nov  5 16:02:26 UTC 2025
Automated commit at Thu Nov  6 00:08:15 UTC 2025
Automated commit at Thu Nov  6 08:02:27 UTC 2025
Automated commit at Thu Nov  6 16:02:24 UTC 2025
Automated commit at Fri Nov  7 00:08:26 UTC 2025
Automated commit at Fri Nov  7 08:02:30 UTC 2025
Automated commit at Fri Nov  7 16:02:22 UTC 2025
Automated commit at Sat Nov  8 00:07:32 UTC 2025
Automated commit at Sat Nov  8 08:02:13 UTC 2025
Automated commit at Sat Nov  8 16:02:10 UTC 2025
Automated commit at Sun Nov  9 00:08:27 UTC 2025
Automated commit at Sun Nov  9 08:02:12 UTC 2025
Automated commit at Sun Nov  9 16:02:06 UTC 2025
Automated commit at Mon Nov 10 00:08:33 UTC 2025
Automated commit at Mon Nov 10 08:02:38 UTC 2025
Automated commit at Mon Nov 10 16:02:31 UTC 2025
Automated commit at Tue Nov 11 00:08:34 UTC 2025
Automated commit at Tue Nov 11 08:02:26 UTC 2025
Automated commit at Tue Nov 11 16:02:21 UTC 2025
Automated commit at Wed Nov 12 00:08:32 UTC 2025
Automated commit at Wed Nov 12 08:02:38 UTC 2025
Automated commit at Wed Nov 12 16:02:45 UTC 2025
Automated commit at Thu Nov 13 00:08:19 UTC 2025
Automated commit at Thu Nov 13 08:02:36 UTC 2025
Automated commit at Thu Nov 13 16:02:28 UTC 2025
Automated commit at Fri Nov 14 00:08:21 UTC 2025
Automated commit at Fri Nov 14 08:02:43 UTC 2025
Automated commit at Fri Nov 14 16:02:20 UTC 2025
Automated commit at Sat Nov 15 00:08:13 UTC 2025
Automated commit at Sat Nov 15 08:02:08 UTC 2025
Automated commit at Sat Nov 15 16:02:02 UTC 2025
Automated commit at Sun Nov 16 00:08:34 UTC 2025
Automated commit at Sun Nov 16 08:02:13 UTC 2025
Automated commit at Sun Nov 16 16:02:05 UTC 2025
Automated commit at Mon Nov 17 00:08:23 UTC 2025
Automated commit at Mon Nov 17 08:02:55 UTC 2025
Automated commit at Mon Nov 17 16:02:33 UTC 2025
Automated commit at Tue Nov 18 00:08:35 UTC 2025
Automated commit at Tue Nov 18 08:02:25 UTC 2025
Automated commit at Tue Nov 18 16:02:29 UTC 2025
Automated commit at Wed Nov 19 00:08:36 UTC 2025
Automated commit at Wed Nov 19 08:02:24 UTC 2025
Automated commit at Wed Nov 19 16:02:42 UTC 2025
Automated commit at Thu Nov 20 00:08:18 UTC 2025
Automated commit at Thu Nov 20 08:02:34 UTC 2025
Automated commit at Thu Nov 20 16:02:16 UTC 2025
Automated commit at Fri Nov 21 00:08:14 UTC 2025
Automated commit at Fri Nov 21 08:02:51 UTC 2025
Automated commit at Fri Nov 21 16:02:12 UTC 2025
Automated commit at Sat Nov 22 00:07:54 UTC 2025
Automated commit at Sat Nov 22 08:02:22 UTC 2025
Automated commit at Sat Nov 22 16:01:57 UTC 2025
Automated commit at Sun Nov 23 00:09:12 UTC 2025
Automated commit at Sun Nov 23 08:02:13 UTC 2025
Automated commit at Sun Nov 23 16:02:12 UTC 2025
Automated commit at Mon Nov 24 00:08:45 UTC 2025
Automated commit at Mon Nov 24 08:03:02 UTC 2025
Automated commit at Mon Nov 24 16:02:22 UTC 2025
Automated commit at Tue Nov 25 00:07:08 UTC 2025
Automated commit at Tue Nov 25 08:02:51 UTC 2025
Automated commit at Tue Nov 25 16:02:26 UTC 2025
Automated commit at Wed Nov 26 00:08:22 UTC 2025
Automated commit at Wed Nov 26 08:02:26 UTC 2025
Automated commit at Wed Nov 26 16:02:13 UTC 2025
Automated commit at Thu Nov 27 00:08:14 UTC 2025
Automated commit at Thu Nov 27 08:02:35 UTC 2025
Automated commit at Thu Nov 27 16:02:19 UTC 2025
Automated commit at Fri Nov 28 00:08:28 UTC 2025
Automated commit at Fri Nov 28 08:02:35 UTC 2025
Automated commit at Fri Nov 28 16:02:11 UTC 2025
Automated commit at Sat Nov 29 00:08:12 UTC 2025
Automated commit at Sat Nov 29 08:02:27 UTC 2025
Automated commit at Sat Nov 29 16:02:11 UTC 2025
Automated commit at Sun Nov 30 00:09:13 UTC 2025
Automated commit at Sun Nov 30 08:02:24 UTC 2025
Automated commit at Sun Nov 30 16:02:09 UTC 2025
Automated commit at Mon Dec  1 00:10:13 UTC 2025
Automated commit at Mon Dec  1 08:03:29 UTC 2025
Automated commit at Mon Dec  1 16:02:29 UTC 2025
Automated commit at Tue Dec  2 00:08:39 UTC 2025
Automated commit at Tue Dec  2 08:02:37 UTC 2025
Automated commit at Tue Dec  2 16:02:50 UTC 2025
Automated commit at Wed Dec  3 00:08:27 UTC 2025
Automated commit at Wed Dec  3 08:02:38 UTC 2025
Automated commit at Wed Dec  3 16:02:38 UTC 2025
Automated commit at Thu Dec  4 00:08:31 UTC 2025
Automated commit at Thu Dec  4 08:02:35 UTC 2025
Automated commit at Thu Dec  4 16:02:38 UTC 2025
Automated commit at Fri Dec  5 00:08:28 UTC 2025
Automated commit at Fri Dec  5 08:02:42 UTC 2025
Automated commit at Fri Dec  5 16:02:20 UTC 2025
Automated commit at Sat Dec  6 00:08:11 UTC 2025
Automated commit at Sat Dec  6 08:02:23 UTC 2025
Automated commit at Sat Dec  6 16:02:07 UTC 2025
Automated commit at Sun Dec  7 00:08:59 UTC 2025
Automated commit at Sun Dec  7 08:02:17 UTC 2025
Automated commit at Sun Dec  7 16:02:05 UTC 2025
Automated commit at Mon Dec  8 00:08:52 UTC 2025
Automated commit at Mon Dec  8 08:03:10 UTC 2025
Automated commit at Mon Dec  8 16:02:19 UTC 2025
Automated commit at Tue Dec  9 00:08:23 UTC 2025
Automated commit at Tue Dec  9 08:02:35 UTC 2025
Automated commit at Tue Dec  9 16:02:25 UTC 2025
Automated commit at Wed Dec 10 00:08:35 UTC 2025
Automated commit at Wed Dec 10 08:02:36 UTC 2025
Automated commit at Wed Dec 10 16:02:40 UTC 2025
Automated commit at Thu Dec 11 00:08:51 UTC 2025
Automated commit at Thu Dec 11 08:02:50 UTC 2025
Automated commit at Thu Dec 11 16:03:41 UTC 2025
Automated commit at Fri Dec 12 00:08:45 UTC 2025
Automated commit at Fri Dec 12 08:02:46 UTC 2025
Automated commit at Fri Dec 12 16:02:20 UTC 2025
Automated commit at Sat Dec 13 00:08:42 UTC 2025
Automated commit at Sat Dec 13 08:02:14 UTC 2025
Automated commit at Sat Dec 13 16:02:07 UTC 2025
Automated commit at Sun Dec 14 00:09:19 UTC 2025
Automated commit at Sun Dec 14 08:02:22 UTC 2025
Automated commit at Sun Dec 14 16:02:06 UTC 2025
Automated commit at Mon Dec 15 00:09:05 UTC 2025
Automated commit at Mon Dec 15 08:03:29 UTC 2025
Automated commit at Mon Dec 15 16:03:14 UTC 2025
Automated commit at Tue Dec 16 00:09:17 UTC 2025
Automated commit at Tue Dec 16 08:02:58 UTC 2025
Automated commit at Tue Dec 16 16:02:28 UTC 2025
Automated commit at Wed Dec 17 00:07:41 UTC 2025
Automated commit at Wed Dec 17 08:03:00 UTC 2025
Automated commit at Wed Dec 17 16:02:50 UTC 2025
Automated commit at Thu Dec 18 00:07:22 UTC 2025
Automated commit at Thu Dec 18 08:02:35 UTC 2025
Automated commit at Thu Dec 18 16:02:39 UTC 2025
Automated commit at Fri Dec 19 00:09:04 UTC 2025
Automated commit at Fri Dec 19 08:02:35 UTC 2025
Automated commit at Fri Dec 19 16:02:10 UTC 2025
Automated commit at Sat Dec 20 00:08:37 UTC 2025
Automated commit at Sat Dec 20 08:02:18 UTC 2025
Automated commit at Sat Dec 20 16:02:06 UTC 2025
Automated commit at Sun Dec 21 00:09:38 UTC 2025
Automated commit at Sun Dec 21 08:02:20 UTC 2025
Automated commit at Sun Dec 21 16:02:04 UTC 2025
Automated commit at Mon Dec 22 00:08:49 UTC 2025
